Epic,Module,Description
CX3PMR-3421,Action.cpp , HLR Decomposition from module:  \base\source\Action.cpp
CX3PMR-3421,Actmgr.cpp , HLR Decomposition from module:  \base\source\Actmgr.cpp
CX3PMR-3421,Address_handler_generic.cpp , HLR Decomposition from module:  \base\source\Address_handler_generic.cpp
CX3PMR-3421,ADSB_cfg.cpp , HLR Decomposition from module:  \base\source\ADSB_cfg.cpp
CX3PMR-3421,aes.cpp , HLR Decomposition from module:  \base\source\aes.cpp
CX3PMR-3421,Angle_integer.cpp , HLR Decomposition from module:  \base\source\Angle_integer.cpp
CX3PMR-3421,Apos_data.cpp , HLR Decomposition from module:  \base\source\Apos_data.cpp
CX3PMR-3421,Arcadecfg.cpp , HLR Decomposition from module:  \base\source\Arcadecfg.cpp
CX3PMR-3421,Arinc_frame.cpp , HLR Decomposition from module:  \base\source\Arinc_frame.cpp
CX3PMR-3421,Async_transfer_data.cpp , HLR Decomposition from module:  \base\source\Async_transfer_data.cpp
CX3PMR-3421,ATcmd_task.cpp , HLR Decomposition from module:  \base\source\ATcmd_task.cpp
CX3PMR-3421,ATmsg_parser.cpp , HLR Decomposition from module:  \base\source\ATmsg_parser.cpp
CX3PMR-3421,Auth_connection.cpp , HLR Decomposition from module:  \base\source\Auth_connection.cpp
CX3PMR-3421,Bootlog.cpp , HLR Decomposition from module:  \base\source\Bootlog.cpp
CX3PMR-3421,CAN_stats.cpp , HLR Decomposition from module:  \base\source\CAN_stats.cpp
CX3PMR-3421,CANframe_fifo32.cpp , HLR Decomposition from module:  \base\source\CANframe_fifo32.cpp
CX3PMR-3421,CANframe.cpp , HLR Decomposition from module:  \base\source\CANframe.cpp
CX3PMR-3421,CANgpio_p.cpp , HLR Decomposition from module:  \base\source\CANgpio_p.cpp
CX3PMR-3421,CANid_filter.cpp , HLR Decomposition from module:  \base\source\CANid_filter.cpp
CX3PMR-3421,CANid.cpp , HLR Decomposition from module:  \base\source\CANid.cpp
CX3PMR-3421,CANin_mgr.cpp , HLR Decomposition from module:  \base\source\CANin_mgr.cpp
CX3PMR-3421,CANin_p.cpp , HLR Decomposition from module:  \base\source\CANin_p.cpp
CX3PMR-3421,CANout_mgr.cpp , HLR Decomposition from module:  \base\source\CANout_mgr.cpp
CX3PMR-3421,CANserial_parser.cpp , HLR Decomposition from module:  \base\source\CANserial_parser.cpp
CX3PMR-3421,CANserial.cpp , HLR Decomposition from module:  \base\source\CANserial.cpp
CX3PMR-3421,CANunwrapper.cpp , HLR Decomposition from module:  \base\source\CANunwrapper.cpp
CX3PMR-3421,CANwrapper.cpp , HLR Decomposition from module:  \base\source\CANwrapper.cpp
CX3PMR-3421,Cfg_utils.cpp , HLR Decomposition from module:  \base\source\Cfg_utils.cpp
CX3PMR-3421,Cfgid_mode.cpp , HLR Decomposition from module:  \base\source\Cfgid_mode.cpp
CX3PMR-3421,Cfgsync.cpp , HLR Decomposition from module:  \base\source\Cfgsync.cpp
CX3PMR-3421,Channelmgr.cpp , HLR Decomposition from module:  \base\source\Channelmgr.cpp
CX3PMR-3421,Channelmgrcfg.cpp , HLR Decomposition from module:  \base\source\Channelmgrcfg.cpp
CX3PMR-3421,Checklist.cpp , HLR Decomposition from module:  \base\source\Checklist.cpp
CX3PMR-3421,Chk_blk_impl.cpp , HLR Decomposition from module:  \base\source\Chk_blk_impl.cpp
CX3PMR-3421,Ckfletcher.cpp , HLR Decomposition from module:  \base\source\Ckfletcher.cpp
CX3PMR-3421,Cmdvar.cpp , HLR Decomposition from module:  \base\source\Cmdvar.cpp
CX3PMR-3421,CPUrc_all.cpp , HLR Decomposition from module:  \base\source\CPUrc_all.cpp
CX3PMR-3421,CPUrc_avg.cpp , HLR Decomposition from module:  \base\source\CPUrc_avg.cpp
CX3PMR-3421,CRC.cpp , HLR Decomposition from module:  \base\source\CRC.cpp
CX3PMR-3421,CRC32.cpp , HLR Decomposition from module:  \base\source\CRC32.cpp
CX3PMR-3421,CRCmav.cpp , HLR Decomposition from module:  \base\source\CRCmav.cpp
CX3PMR-3421,CRCpreset.cpp , HLR Decomposition from module:  \base\source\CRCpreset.cpp
CX3PMR-3421,Crypteraes.cpp , HLR Decomposition from module:  \base\source\Crypteraes.cpp
CX3PMR-3421,Cryptermgr.cpp , HLR Decomposition from module:  \base\source\Cryptermgr.cpp
CX3PMR-3421,Curvst.cpp , HLR Decomposition from module:  \base\source\Curvst.cpp
CX3PMR-3421,Cyclic_tasks.cpp , HLR Decomposition from module:  \base\source\Cyclic_tasks.cpp
CX3PMR-3421,Cyphal_common_types.cpp , HLR Decomposition from module:  \base\source\Cyphal_common_types.cpp
CX3PMR-3421,Cyphal.cpp , HLR Decomposition from module:  \base\source\Cyphal.cpp
CX3PMR-3421,Datacrypt.cpp , HLR Decomposition from module:  \base\source\Datacrypt.cpp
CX3PMR-3421,Datalink_buffer.cpp , HLR Decomposition from module:  \base\source\Datalink_buffer.cpp
CX3PMR-3421,Datalink_receiver.cpp , HLR Decomposition from module:  \base\source\Datalink_receiver.cpp
CX3PMR-3421,Datalink_transmitter.cpp , HLR Decomposition from module:  \base\source\Datalink_transmitter.cpp
CX3PMR-3421,Dbhyst.cpp , HLR Decomposition from module:  \base\source\Dbhyst.cpp
CX3PMR-3421,Decimator.cpp , HLR Decomposition from module:  \base\source\Decimator.cpp
CX3PMR-3421,Deltacheck_nv.cpp , HLR Decomposition from module:  \base\source\Deltacheck_nv.cpp
CX3PMR-3421,Dynxrtable3d.cpp , HLR Decomposition from module:  \base\source\Dynxrtable3d.cpp
CX3PMR-3421,Errors_single.cpp , HLR Decomposition from module:  \base\source\Errors_single.cpp
CX3PMR-3421,Espkt_parser.cpp , HLR Decomposition from module:  \base\source\Espkt_parser.cpp
CX3PMR-3421,Espkt.cpp , HLR Decomposition from module:  \base\source\Espkt.cpp
CX3PMR-3421,Evact.cpp , HLR Decomposition from module:  \base\source\Evact.cpp
CX3PMR-3421,Evactcfg.cpp , HLR Decomposition from module:  \base\source\Evactcfg.cpp
CX3PMR-3421,Eventout.cpp , HLR Decomposition from module:  \base\source\Eventout.cpp
CX3PMR-3421,Feature.cpp , HLR Decomposition from module:  \base\source\Feature.cpp
CX3PMR-3421,Fheader.cpp , HLR Decomposition from module:  \base\source\Fheader.cpp
CX3PMR-3421,Fid.cpp , HLR Decomposition from module:  \base\source\Fid.cpp
CX3PMR-3421,Field_BCD.cpp , HLR Decomposition from module:  \base\source\Field_BCD.cpp
CX3PMR-3421,Field_cfg.cpp , HLR Decomposition from module:  \base\source\Field_cfg.cpp
CX3PMR-3421,Field_real_dec_ASCII.cpp , HLR Decomposition from module:  \base\source\Field_real_dec_ASCII.cpp
CX3PMR-3421,Field_real_hex_ASCII.cpp , HLR Decomposition from module:  \base\source\Field_real_hex_ASCII.cpp
CX3PMR-3421,Field.cpp , HLR Decomposition from module:  \base\source\Field.cpp
CX3PMR-3421,Fieldset.cpp , HLR Decomposition from module:  \base\source\Fieldset.cpp
CX3PMR-3421,Flogic.cpp , HLR Decomposition from module:  \base\source\Flogic.cpp
CX3PMR-3421,FMCP_null.cpp , HLR Decomposition from module:  \base\source\FMCP_null.cpp
CX3PMR-3421,FMCP_varmgr.cpp , HLR Decomposition from module:  \base\source\FMCP_varmgr.cpp
CX3PMR-3421,FMCPmgr.cpp , HLR Decomposition from module:  \base\source\FMCPmgr.cpp
CX3PMR-3421,Fmsetvdat.cpp , HLR Decomposition from module:  \base\source\Fmsetvdat.cpp
CX3PMR-3421,Fmsg_cfg.cpp , HLR Decomposition from module:  \base\source\Fmsg_cfg.cpp
CX3PMR-3421,Fmsg_trigger.cpp , HLR Decomposition from module:  \base\source\Fmsg_trigger.cpp
CX3PMR-3421,Fmsg.cpp , HLR Decomposition from module:  \base\source\Fmsg.cpp
CX3PMR-3421,Fmsgchecker.cpp , HLR Decomposition from module:  \base\source\Fmsgchecker.cpp
CX3PMR-3421,Fmsgconsumer.cpp , HLR Decomposition from module:  \base\source\Fmsgconsumer.cpp
CX3PMR-3421,Fmsgmgr.cpp , HLR Decomposition from module:  \base\source\Fmsgmgr.cpp
CX3PMR-3421,Fmsgproducer.cpp , HLR Decomposition from module:  \base\source\Fmsgproducer.cpp
CX3PMR-3421,FPconverter.cpp , HLR Decomposition from module:  \base\source\FPconverter.cpp
CX3PMR-3421,Fref.cpp , HLR Decomposition from module:  \base\source\Fref.cpp
CX3PMR-3421,Freq_checker.cpp , HLR Decomposition from module:  \base\source\Freq_checker.cpp
CX3PMR-3421,Freqmetric.cpp , HLR Decomposition from module:  \base\source\Freqmetric.cpp
CX3PMR-3421,Fsmem.cpp , HLR Decomposition from module:  \base\source\Fsmem.cpp
CX3PMR-3421,Fsniffer.cpp , HLR Decomposition from module:  \base\source\Fsniffer.cpp
CX3PMR-3421,Fstr.cpp , HLR Decomposition from module:  \base\source\Fstr.cpp
CX3PMR-3421,Fstr1.cpp , HLR Decomposition from module:  \base\source\Fstr1.cpp
CX3PMR-3421,Fstrt.cpp , HLR Decomposition from module:  \base\source\Fstrt.cpp
CX3PMR-3421,Ftelemetryod.cpp , HLR Decomposition from module:  \base\source\Ftelemetryod.cpp
CX3PMR-3421,Gnss_nav_raw.cpp , HLR Decomposition from module:  \base\source\Gnss_nav_raw.cpp
CX3PMR-3421,Hashers.cpp , HLR Decomposition from module:  \base\source\Hashers.cpp
CX3PMR-3421,Herrors.cpp , HLR Decomposition from module:  \base\source\Herrors.cpp
CX3PMR-3421,Ifile_null.cpp , HLR Decomposition from module:  \base\source\Ifile_null.cpp
CX3PMR-3421,Int_decimator.cpp , HLR Decomposition from module:  \base\source\Int_decimator.cpp
CX3PMR-3421,Internestcfg.cpp , HLR Decomposition from module:  \base\source\Internestcfg.cpp
CX3PMR-3421,IP4_util.cpp , HLR Decomposition from module:  \base\source\IP4_util.cpp
CX3PMR-3421,Ipkt_parser.cpp , HLR Decomposition from module:  \base\source\Ipkt_parser.cpp
CX3PMR-3421,Iridium_cfg.cpp , HLR Decomposition from module:  \base\source\Iridium_cfg.cpp
CX3PMR-3421,Iridium.cpp , HLR Decomposition from module:  \base\source\Iridium.cpp
CX3PMR-3421,Ixrtable3d.cpp , HLR Decomposition from module:  \base\source\Ixrtable3d.cpp
CX3PMR-3421,Kfieldset.cpp , HLR Decomposition from module:  \base\source\Kfieldset.cpp
CX3PMR-3421,Limit.cpp , HLR Decomposition from module:  \base\source\Limit.cpp
CX3PMR-3421,Logicfsm.cpp , HLR Decomposition from module:  \base\source\Logicfsm.cpp
CX3PMR-3421,Meastypes.cpp , HLR Decomposition from module:  \base\source\Meastypes.cpp
CX3PMR-3421,Mem_file.cpp , HLR Decomposition from module:  \base\source\Mem_file.cpp
CX3PMR-3421,Message_received_hnd.cpp , HLR Decomposition from module:  \base\source\Message_received_hnd.cpp
CX3PMR-3421,Mobs_data.cpp , HLR Decomposition from module:  \base\source\Mobs_data.cpp
CX3PMR-3421,Motor.cpp , HLR Decomposition from module:  \base\source\Motor.cpp
CX3PMR-3421,Msg_data.cpp , HLR Decomposition from module:  \base\source\Msg_data.cpp
CX3PMR-3421,Nmeacfg.cpp , HLR Decomposition from module:  \base\source\Nmeacfg.cpp
CX3PMR-3421,Pchrono.cpp , HLR Decomposition from module:  \base\source\Pchrono.cpp
CX3PMR-3421,PDImode_tun.cpp , HLR Decomposition from module:  \base\source\PDImode_tun.cpp
CX3PMR-3421,Pdiver.cpp , HLR Decomposition from module:  \base\source\Pdiver.cpp
CX3PMR-3421,Permission.cpp , HLR Decomposition from module:  \base\source\Permission.cpp
CX3PMR-3421,Pkt_router.cpp , HLR Decomposition from module:  \base\source\Pkt_router.cpp
CX3PMR-3421,Pkt64proc.cpp , HLR Decomposition from module:  \base\source\Pkt64proc.cpp
CX3PMR-3421,Presence_vec.cpp , HLR Decomposition from module:  \base\source\Presence_vec.cpp
CX3PMR-3421,Radrng.cpp , HLR Decomposition from module:  \base\source\Radrng.cpp
CX3PMR-3421,Rand16.cpp , HLR Decomposition from module:  \base\source\Rand16.cpp
CX3PMR-3421,Rangedeltacheck_nv.cpp , HLR Decomposition from module:  \base\source\Rangedeltacheck_nv.cpp
CX3PMR-3421,Rangedeltacheck3_nv.cpp , HLR Decomposition from module:  \base\source\Rangedeltacheck3_nv.cpp
CX3PMR-3421,Routing_table_entry.cpp , HLR Decomposition from module:  \base\source\Routing_table_entry.cpp
CX3PMR-3421,Rtaskrc.cpp , HLR Decomposition from module:  \base\source\Rtaskrc.cpp
CX3PMR-3421,RTCM3parser.cpp , HLR Decomposition from module:  \base\source\RTCM3parser.cpp
CX3PMR-3421,Rvarsensor1D_cfg.cpp , HLR Decomposition from module:  \base\source\Rvarsensor1D_cfg.cpp
CX3PMR-3421,Rvarsensor3D_cfg.cpp , HLR Decomposition from module:  \base\source\Rvarsensor3D_cfg.cpp
CX3PMR-3421,Sensel.cpp , HLR Decomposition from module:  \base\source\Sensel.cpp
CX3PMR-3421,SerialCAN.cpp , HLR Decomposition from module:  \base\source\SerialCAN.cpp
CX3PMR-3421,Session.cpp , HLR Decomposition from module:  \base\source\Session.cpp
CX3PMR-3421,Sincos_integer.cpp , HLR Decomposition from module:  \base\source\Sincos_integer.cpp
CX3PMR-3421,Spkt_hdr.cpp , HLR Decomposition from module:  \base\source\Spkt_hdr.cpp
CX3PMR-3421,Spkt.cpp , HLR Decomposition from module:  \base\source\Spkt.cpp
CX3PMR-3421,Splitter.cpp , HLR Decomposition from module:  \base\source\Splitter.cpp
CX3PMR-3421,Stanag_msg_type.cpp , HLR Decomposition from module:  \base\source\Stanag_msg_type.cpp
CX3PMR-3421,Stanag_parser.cpp , HLR Decomposition from module:  \base\source\Stanag_parser.cpp
CX3PMR-3421,Stepmgr_dsp.cpp , HLR Decomposition from module:  \base\source\Stepmgr_dsp.cpp
CX3PMR-3421,Stepmgr.cpp , HLR Decomposition from module:  \base\source\Stepmgr.cpp
CX3PMR-3421,Stickrawtrans.cpp , HLR Decomposition from module:  \base\source\Stickrawtrans.cpp
CX3PMR-3421,Sticktypes.cpp , HLR Decomposition from module:  \base\source\Sticktypes.cpp
CX3PMR-3421,Stimestamp.cpp , HLR Decomposition from module:  \base\source\Stimestamp.cpp
CX3PMR-3421,Sync.cpp , HLR Decomposition from module:  \base\source\Sync.cpp
CX3PMR-3421,Syserr_bits.cpp , HLR Decomposition from module:  \base\source\Syserr_bits.cpp
CX3PMR-3421,Sysver.cpp , HLR Decomposition from module:  \base\source\Sysver.cpp
CX3PMR-3421,Taskmgr.cpp , HLR Decomposition from module:  \base\source\Taskmgr.cpp
CX3PMR-3421,Tcal1D.cpp , HLR Decomposition from module:  \base\source\Tcal1D.cpp
CX3PMR-3421,Tcal3D.cpp , HLR Decomposition from module:  \base\source\Tcal3D.cpp
CX3PMR-3421,Tllcs.cpp , HLR Decomposition from module:  \base\source\Tllcs.cpp
CX3PMR-3421,Tllh_low_res.cpp , HLR Decomposition from module:  \base\source\Tllh_low_res.cpp
CX3PMR-3421,Tllh.cpp , HLR Decomposition from module:  \base\source\Tllh.cpp
CX3PMR-3421,Tllhcompressed.cpp , HLR Decomposition from module:  \base\source\Tllhcompressed.cpp
CX3PMR-3421,Tmeas1D.cpp , HLR Decomposition from module:  \base\source\Tmeas1D.cpp
CX3PMR-3421,Tmeas3D.cpp , HLR Decomposition from module:  \base\source\Tmeas3D.cpp
CX3PMR-3421,Tmovdat.cpp , HLR Decomposition from module:  \base\source\Tmovdat.cpp
CX3PMR-3421,Tmvdat.cpp , HLR Decomposition from module:  \base\source\Tmvdat.cpp
CX3PMR-3421,Tun_buffer.cpp , HLR Decomposition from module:  \base\source\Tun_buffer.cpp
CX3PMR-3421,Tunnelrd.cpp , HLR Decomposition from module:  \base\source\Tunnelrd.cpp
CX3PMR-3421,Tunnelwr.cpp , HLR Decomposition from module:  \base\source\Tunnelwr.cpp
CX3PMR-3421,Uclk.cpp , HLR Decomposition from module:  \base\source\Uclk.cpp
CX3PMR-3421,Uclkmgr.cpp , HLR Decomposition from module:  \base\source\Uclkmgr.cpp
CX3PMR-3421,Uid.cpp , HLR Decomposition from module:  \base\source\Uid.cpp
CX3PMR-3421,Unescape_port_cfg.cpp , HLR Decomposition from module:  \base\source\Unescape_port_cfg.cpp
CX3PMR-3421,Unescape_port.cpp , HLR Decomposition from module:  \base\source\Unescape_port.cpp
CX3PMR-3421,Ussa76excfg.cpp , HLR Decomposition from module:  \base\source\Ussa76excfg.cpp
CX3PMR-3421,Vardst.cpp , HLR Decomposition from module:  \base\source\Vardst.cpp
CX3PMR-3421,Vargpscfg.cpp , HLR Decomposition from module:  \base\source\Vargpscfg.cpp
CX3PMR-3421,Varmgr.cpp , HLR Decomposition from module:  \base\source\Varmgr.cpp
CX3PMR-3421,Varsens1D_cfg.cpp , HLR Decomposition from module:  \base\source\Varsens1D_cfg.cpp
CX3PMR-3421,Varsens3D_Cfg.cpp , HLR Decomposition from module:  \base\source\Varsens3D_Cfg.cpp
CX3PMR-3421,Vref_wr_tun.cpp , HLR Decomposition from module:  \base\source\Vref_wr_tun.cpp
CX3PMR-3421,Vref_wr.cpp , HLR Decomposition from module:  \base\source\Vref_wr.cpp
CX3PMR-3421,Vrefdst.cpp , HLR Decomposition from module:  \base\source\Vrefdst.cpp
CX3PMR-3421,Vrefdstbuff.cpp , HLR Decomposition from module:  \base\source\Vrefdstbuff.cpp
CX3PMR-3421,Wrapper_ref.cpp , HLR Decomposition from module:  \base\source\Wrapper_ref.cpp
CX3PMR-3421,Xcfgmgr.cpp , HLR Decomposition from module:  \base\source\Xcfgmgr.cpp
CX3PMR-3421,Xcfile.cpp , HLR Decomposition from module:  \base\source\Xcfile.cpp
CX3PMR-3421,Xcfilecli.cpp , HLR Decomposition from module:  \base\source\Xcfilecli.cpp
CX3PMR-3421,Xcfilesvc.cpp , HLR Decomposition from module:  \base\source\Xcfilesvc.cpp
CX3PMR-3421,Xclk.cpp , HLR Decomposition from module:  \base\source\Xclk.cpp
CX3PMR-3421,Xclkcfg.cpp , HLR Decomposition from module:  \base\source\Xclkcfg.cpp
CX3PMR-3421,Xclogsvc.cpp , HLR Decomposition from module:  \base\source\Xclogsvc.cpp
CX3PMR-3421,Xcmqrd.cpp , HLR Decomposition from module:  \base\source\Xcmqrd.cpp
CX3PMR-3421,Xcmqwr.cpp , HLR Decomposition from module:  \base\source\Xcmqwr.cpp
CX3PMR-3421,Xcomstats0.cpp , HLR Decomposition from module:  \base\source\Xcomstats0.cpp
CX3PMR-3421,Xcpktrd.cpp , HLR Decomposition from module:  \base\source\Xcpktrd.cpp
CX3PMR-3421,Xcrd.cpp , HLR Decomposition from module:  \base\source\Xcrd.cpp
CX3PMR-3421,Xpcmap0.cpp , HLR Decomposition from module:  \base\source\Xpcmap0.cpp
CX3PMR-3421,Xrtable3d.cpp , HLR Decomposition from module:  \base\source\Xrtable3d.cpp
CX3PMR-3421,Xtunnelwr0.cpp , HLR Decomposition from module:  \base\source\Xtunnelwr0.cpp
